salinity_surface_psu,temperature_surface_°c,mean_wind_speed_prior_week_m_s⁻¹,precipitation_prior_wk_cm,irradiance_w_m⁻²,total_river_m_s⁻¹
30.19,-0.4,5.498592,2.3368,54.2,24.544944
30.43,-0.2,5.2303679999999995,0.3556,105.6,22.228368
30.28,0.4,6.5714879999999996,2.3622,89.4,29.6652
29.42,0.6,5.319776,5.1816,88.2,45.22137599999999
30.28,0.4,6.92912,1.6764,151.8,42.01272
28.24,1.4,4.336288,2.5654,136.2,32.69544
29.94,2.2,7.242048,5.2578,155.4,102.46459200000001
29.25,3.1,7.37616,1.8288,246.4,84.99964800000001
28.73,3.8,5.096256,2.1336,151.5,62.071776
29.18,5.6,7.197344,3.5052,187.7,109.29254399999999
28.7,7.0,4.828032,2.0574,199.0,82.391376
28.48,8.4,5.051552,1.7526,220.4,57.280032
28.78,8.6,5.588,1.4224,198.1,47.920272
28.66,11.0,5.36448,2.286,269.5,56.308656
30.1,12.0,5.543296,0.381,249.5,36.110832
29.47,12.2,5.051552,1.8034,220.8,30.214608000000002
29.99,13.6,5.588,0.3048,296.5,21.746928
29.33,16.8,5.051552,0.1016,237.1,15.210671999999999
29.83,18.6,4.425696,3.5814,303.2,27.3996
30.39,15.8,5.945632,3.6322,150.5,18.441983999999998
30.5,15.5,4.872736,2.3114,243.1,25.284095999999998
29.63,18.4,3.79984,1.9812,175.5,20.90016
30.08,19.0,4.783328,6.223,284.0,14.930304
29.92,20.6,5.096256,5.588,154.4,27.113568
31.02,20.2,4.4704,3.9116,186.3,45.572544
28.55,22.0,4.783328,0.1778,249.3,21.166368
29.18,20.6,3.889248,2.0574,198.5,16.295327999999998
30.44,21.2,5.096256,0.0,247.1,13.0272
30.39,20.4,4.336288,0.0,202.4,11.815104
30.44,18.2,4.559807999999999,0.5334,216.2,10.976832
30.86,19.6,3.889248,0.0,198.8,10.062096
31.04,19.4,4.425696,0.3302,128.6,12.667536
30.07,18.0,3.933952,5.4864,102.0,18.541103999999997
31.18,14.8,4.4704,0.889,168.0,16.300992
30.53,14.0,5.588,4.0132,99.5,11.874576000000001
31.04,12.3,4.559807999999999,1.3716,112.5,30.483648000000002
28.91,10.6,6.25856,1.5748,78.3,27.957504
29.69,9.8,4.872736,0.0762,72.6,27.657312
28.89,7.8,3.844544,0.508,47.9,26.510351999999997
30.26,8.1,6.8397120000000005,7.493,72.0,56.30016
28.84,7.1,4.9621439999999994,2.8702,64.0,55.06257599999999
26.76,5.4,5.9009279999999995,4.9276,68.8,83.7564
27.85,3.5,5.677408,0.2794,65.6,70.13448
28.57,4.0,4.112768,2.286,48.8,46.866768
29.43,4.2,5.498592,3.937,72.7,73.592352
27.78,1.2,5.543296,0.4572,84.9,72.27264
29.6,2.7,4.604512000000001,1.651,82.1,52.205088
29.34,2.2,5.543296,1.2446,85.1,42.242112000000006
26.89,2.0,4.649216,1.5748,116.0,47.489808
27.56,2.7,6.0350399999999995,1.6002,82.4,53.012208
30.21,2.0,5.9009279999999995,0.1016,178.2,49.826207999999994
29.67,2.8,4.157472,1.3208,178.7,49.919664
28.46,5.8,5.409184,5.1816,122.5,101.841552
29.52,5.1,5.2303679999999995,3.2766,210.2,126.00984
27.45,9.6,4.91744,1.2446,152.8,48.237456
27.86,9.8,4.559807999999999,0.9652,286.6,47.580432
28.68,12.0,4.291583999999999,1.8288,207.0,32.831376
28.53,13.4,4.649216,2.5146,194.8,57.0648
28.59,13.6,4.068064,0.4826,196.9,33.21936
29.07,15.8,3.442208,3.5052,279.3,39.384624
28.75,18.4,4.157472,1.9812,264.1,33.975504
29.36,17.8,4.783328,0.2286,244.8,24.091824
29.74,19.0,4.69392,0.6096,255.0,17.312016
30.16,19.2,4.91744,0.254,254.3,14.021232000000001
29.94,20.2,4.91744,4.0132,310.7,15.17952
30.37,20.2,4.604512000000001,0.0,254.1,12.00768
29.99,21.2,5.006848,5.6134,286.0,18.368352
30.12,21.8,4.604512000000001,0.3302,234.4,13.839984000000001
30.34,21.1,4.24688,0.5334,204.9,12.843119999999999
30.21,21.1,3.621024,1.524,188.4,14.55648
30.16,21.0,5.36448,0.2032,243.5,11.35632
30.61,20.9,4.425696,0.0,208.6,10.206528
30.82,19.8,4.515104,0.508,227.2,9.31728
30.66,19.8,5.6327039999999995,5.8674,202.7,11.846256
29.97,18.3,4.068064,3.6322,156.3,32.975808
29.61,17.3,4.202176,4.7498,125.8,34.912896
30.17,16.8,4.515104,0.8636,192.0,17.535744
30.53,15.8,4.425696,0.0,182.0,14.193984
29.65,16.0,3.844544,0.0,100.8,12.755327999999999
30.39,13.6,4.872736,5.5118,113.0,21.7356
28.91,12.2,5.945632,0.1524,88.1,31.709904
30.21,10.6,5.543296,0.0,112.9,48.04488
28.35,9.4,3.621024,1.4986,101.1,33.879216
30.07,10.2,4.515104,0.0,93.3,26.796384
29.87,9.8,3.79984,0.0,73.4,21.21168
29.13,7.4,4.157472,1.1938,96.1,29.99088
30.03,3.8,6.7056,1.8796,64.9,22.559711999999998
30.44,3.0,4.783328,3.7084,81.0,31.092527999999998
29.94,1.9,5.051552,3.6576,84.7,50.885376
28.82,1.3,4.291583999999999,6.477,86.9,45.762288
29.76,2.1,5.36448,0.0,98.3,47.63140800000001
28.53,1.8,5.766816,2.3114,83.4,36.810336
29.9,-0.4,5.722112,1.6002,106.5,35.759664
30.16,-1.1,4.649216,0.2286,115.0,31.2936
30.39,-1.2,5.856224,6.35,149.4,29.551920000000003
29.85,0.4,3.621024,0.0508,119.2,28.892064
28.17,3.2,4.380992,3.6322,130.5,85.982352
26.74,3.4,4.112768,2.032,112.9,88.13750399999999
28.51,2.0,6.079744,3.2258,162.7,97.25654399999999
28.21,1.8,6.079744,3.9624,160.2,88.53681599999999
27.39,4.6,4.738624,0.381,207.7,67.16654399999999
30.14,4.1,6.392672,3.556,189.8,75.84096
29.4,4.8,5.856224,3.937,192.0,62.972352
28.8,5.8,7.15264,8.8138,203.5,107.236512
27.25,9.0,5.275072000000001,1.1684,172.8,99.60427200000001
28.87,9.0,5.185664,2.0828,150.4,58.89144
29.67,10.7,4.202176,1.4986,215.3,48.067536000000004
28.46,12.4,5.498592,1.397,219.0,40.24272
29.83,12.6,6.884416,8.255,235.9,71.445696
28.84,15.4,5.722112,0.0,248.1,53.819328
28.55,18.2,4.4704,0.6096,278.7,33.111744
29.56,17.5,4.828032,0.3556,256.8,26.821872
29.11,19.8,5.319776,2.5146,279.1,21.189024
29.85,19.8,4.380992,0.9652,259.4,18.589247999999998
30.14,20.1,3.844544,0.0508,221.1,13.91928
29.76,20.4,4.872736,2.286,220.6,12.928080000000001
30.61,21.5,3.6657279999999997,2.5146,230.5,12.51744
30.62,21.3,3.933952,1.4732,188.9,12.115296
30.28,21.5,3.3975039999999996,1.4224,220.8,11.520576
30.79,20.4,5.006848,0.0,279.6,8.833008
30.55,20.8,4.783328,2.9718,137.7,8.252448000000001
30.93,20.8,4.604512000000001,5.207,208.1,13.780512000000002
30.32,23.0,3.308096,1.3462,203.0,11.990687999999999
30.72,22.7,3.7104320000000004,0.0,182.5,9.073728
30.57,19.8,5.14096,2.1844,169.8,10.968336
29.61,19.8,6.25856,16.7894,178.5,65.883648
28.93,18.9,3.486912,1.4732,136.6,39.614016
29.47,17.9,3.79984,2.8194,128.6,35.850288000000006
30.1,15.2,4.336288,1.6002,117.2,23.519759999999998
29.94,12.7,6.884416,0.1778,99.5,22.333152
30.19,12.7,5.14096,0.0,107.8,19.01688
30.48,12.5,4.380992,0.0,93.9,16.555872
30.75,10.6,4.24688,0.3556,73.8,18.674208
30.55,9.2,4.69392,5.207,61.6,22.602192
30.08,7.3,6.079744,2.3114,94.6,36.847151999999994
30.12,6.7,4.783328,0.0,75.5,27.722448
30.77,5.9,5.409184,0.127,71.4,24.290064
30.03,2.9,5.275072000000001,4.0386,46.9,24.530783999999997
30.08,2.4,5.990336,1.7272,71.4,31.902480000000004
29.94,1.7,4.515104,1.905,64.9,34.439952
29.99,2.9,5.319776,8.89,87.1,61.46856
28.69,2.0,4.604512000000001,1.8542,90.7,65.66841600000001
29.6,2.6,4.9621439999999994,0.3302,91.1,72.977808
28.59,1.8,6.079744,0.4318,78.4,57.076128
30.39,2.2,5.6327039999999995,0.635,119.1,40.319184
29.23,0.1,4.738624,1.0668,134.7,35.969232000000005
29.94,0.6,4.649216,6.096,84.5,28.606032
29.74,1.0,4.4704,4.9276,131.2,29.801136
28.57,3.3,5.588,0.0508,216.9,120.58372800000001
29.13,4.2,6.169152,0.0,170.2,92.91792
27.83,5.5,6.079744,6.0198,210.5,106.429392
28.69,7.2,5.319776,2.5654,167.4,110.54995199999999
28.55,6.4,6.5714879999999996,1.1938,230.8,76.245936
29.96,7.2,5.275072000000001,0.3302,272.1,52.06348800000001
28.31,10.4,6.8397120000000005,0.254,127.4,33.822576
29.52,9.6,5.2303679999999995,1.4986,291.5,39.022127999999995
29.94,10.8,5.453887999999999,2.9718,201.5,28.739136
29.61,13.8,3.79984,0.1778,273.5,40.364496
29.36,15.7,4.872736,0.7874,313.5,28.937376
30.97,16.8,5.453887999999999,0.0,282.1,20.608463999999998
30.1,18.6,5.185664,3.1496,200.2,23.672688
30.62,17.3,4.828032,3.937,187.3,25.791024
29.49,19.8,4.02336,6.6294,303.9,19.436016
30.48,20.2,4.157472,3.3274,232.7,9.645792
30.41,19.6,4.157472,0.0508,205.8,12.460799999999999
30.7,20.4,3.844544,0.2286,232.5,9.764736
30.97,20.4,4.559807999999999,0.508,242.6,10.339632
30.91,22.1,4.02336,0.0508,181.0,8.507328
30.95,20.7,4.336288,1.3208,236.5,10.243344
30.99,21.9,3.79984,0.0508,113.0,9.215328
30.72,20.5,5.006848,4.0132,219.2,11.939712
31.08,18.8,3.844544,0.3302,212.3,9.051072
31.44,18.6,4.738624,1.3462,189.6,8.224128
31.24,16.4,4.783328,0.1524,127.2,10.232016
30.91,16.1,4.69392,7.366,117.0,17.394144
28.89,15.8,4.559807999999999,24.0284,112.3,71.349408
30.21,14.8,4.068064,0.1778,130.8,56.181216
28.82,14.2,3.486912,0.0,129.1,28.218048
30.34,12.0,5.409184,2.8702,104.5,24.709200000000003
28.89,10.2,4.24688,6.5532,94.3,46.272048
29.97,10.2,4.738624,3.7084,76.9,54.991776
28.4,6.8,5.990336,1.8034,66.4,48.396048
28.93,6.7,4.559807999999999,2.4638,105.7,53.23876799999999
28.75,6.0,2.2799039999999997,0.0,47.4,42.91896
29.97,6.4,6.660896,3.3274,81.7,70.210944
28.82,2.2,4.202176,0.2794,58.6,47.756016
30.03,0.2,7.063232,1.143,62.2,34.958208
29.92,0.6,4.425696,0.0762,63.2,30.667727999999997
29.51,1.0,4.69392,2.0828,83.9,37.3116
29.76,1.2,4.068064,3.048,106.9,42.896304
29.98,-0.4,6.5714879999999996,3.4036,90.1,43.040735999999995
29.21,-0.8,5.006848,1.2954,120.3,38.050752
29.34,0.0,3.978656,0.1778,126.9,33.958512
29.81,-0.2,6.660896,3.6322,127.4,51.335664
30.33,0.2,6.347968,2.921,125.3,34.893072000000004
28.86,0.6,4.9621439999999994,1.8288,122.8,25.37472
29.51,1.8,5.409184,3.9878,110.5,58.50912
28.52,2.9,4.91744,2.1336,186.7,70.519632
29.6,3.6,5.006848,1.4732,228.9,75.77016
28.49,6.8,5.588,0.2286,224.3,109.085808
28.53,6.2,6.616192,0.1016,237.2,58.458144
28.61,7.2,6.213856,0.0,233.2,37.72224
30.24,7.8,6.0350399999999995,0.7874,217.3,27.365616
30.08,8.2,5.185664,0.4318,267.4,25.553136
28.12,12.0,5.6327039999999995,5.08,211.9,37.957296
29.72,10.4,5.81152,1.2954,249.3,29.90592
29.57,12.8,5.319776,4.2164,317.1,32.511359999999996
29.67,14.0,4.336288,0.3302,278.1,27.35712
29.63,16.9,3.978656,1.3208,314.6,18.64872
30.34,18.6,5.096256,0.635,266.8,13.854144
28.6,0.9,5.677408,0.8636,146.0,55.770576
28.0,2.0,4.649216,1.9812,164.4,47.560608
29.1,3.9,4.738624,4.064,153.8,35.609568
26.4,4.0,5.722112,8.4836,151.9,64.49313599999999
26.4,4.9,6.347968,0.2032,228.7,145.066368
26.4,6.7,5.543296,0.0,241.3,104.82931200000002
26.4,8.1,4.91744,2.5654,197.3,57.464112
28.6,8.8,4.872736,0.3302,193.7,48.520656
27.0,11.9,4.559807999999999,0.0508,224.3,34.870416
28.6,13.5,4.872736,5.5626,264.4,26.094048
28.6,12.7,4.112768,0.9144,160.8,22.06128
28.6,13.7,4.425696,0.8382,181.6,54.380064000000004
29.1,15.0,4.380992,6.985,331.0,29.132784
27.0,16.9,4.380992,0.2032,166.1,29.5236
28.6,17.8,4.02336,0.2794,251.1,29.795471999999997
29.6,17.4,4.380992,2.6416,250.9,16.700304
29.4,18.6,3.933952,0.7366,203.5,14.587632
29.6,10.2,4.783328,0.0,70.1,22.081104
29.6,8.5,4.112768,1.0414,61.4,17.074128
30.2,5.6,5.588,2.5908,62.1,20.158176
30.2,4.3,5.096256,5.7404,57.8,17.0628
30.2,4.1,5.766816,2.413,46.2,27.920688
30.2,1.7,5.9009279999999995,1.5748,81.1,25.142495999999998
29.6,0.5,6.0350399999999995,1.3208,193.2,19.59744
30.2,-0.2,4.604512000000001,0.508,78.7,27.906528
29.9,-0.6,4.91744,0.3048,100.0,20.713248
29.6,-0.2,5.319776,1.397,74.3,17.858592
30.2,-1.0,7.018528,2.6924,114.7,21.786576
29.6,-0.5,4.336288,6.3754,86.4,20.00808
29.6,0.0,6.48208,1.0668,111.6,43.864848
24.4,1.6,4.649216,3.4798,66.5,50.052768
28.6,2.4,4.649216,5.5372,111.9,61.22784
28.0,1.5,6.7056,1.5748,156.8,82.785024
28.0,3.4,6.079744,0.8128,198.6,68.423952
27.5,5.6,5.2303679999999995,2.6162,148.8,52.726175999999995
28.0,7.5,6.0350399999999995,0.4318,193.3,41.556768000000005
30.2,6.7,5.722112,2.6416,167.6,33.171216
29.1,8.1,3.889248,3.4544,147.0,31.310592
28.0,9.5,5.275072000000001,3.7338,98.0,46.589231999999996
28.6,10.9,4.828032,0.254,195.5,53.799504
28.3,12.7,3.933952,1.4986,191.9,60.8172
29.1,14.8,4.336288,0.1524,247.3,27.674304
29.5,16.7,3.933952,3.9116,274.4,24.604415999999997
29.1,17.2,4.24688,0.0,281.7,21.514704000000002
30.2,17.3,4.24688,0.1016,266.8,12.562752
29.9,20.9,4.068064,1.0668,275.5,10.840896
30.2,21.7,4.336288,0.0,286.2,9.025584
30.6,20.5,3.79984,0.4064,275.5,7.612416
30.6,21.0,4.872736,6.2738,259.3,7.096991999999999
30.4,22.2,3.486912,1.0922,210.3,10.155552
30.4,23.2,4.068064,0.9652,200.3,9.212496
30.4,22.7,3.889248,1.1176,206.1,7.790832
30.2,22.1,4.336288,3.0988,261.7,7.5501119999999995
30.7,21.5,3.3975039999999996,2.4638,257.4,7.068671999999999
30.2,21.7,4.872736,0.0508,217.0,8.243952
30.2,20.5,3.7104320000000004,2.3114,188.3,7.584096
30.2,21.8,3.442208,2.9972,164.8,6.148272
30.2,21.1,3.3975039999999996,1.143,148.3,15.295632000000001
30.2,19.1,3.57632,0.0,173.7,7.980576
30.5,16.8,3.79984,0.0,135.2,11.299679999999999
30.2,16.1,4.068064,1.778,134.4,14.794368
30.4,15.8,3.621024,1.524,81.3,8.195808
30.2,16.1,3.12928,2.1082,61.2,9.495696
30.7,13.1,4.336288,0.0,101.2,12.316368
30.2,8.7,3.3528,5.9182,66.2,9.0624
30.2,6.9,5.81152,0.8128,40.6,14.96712
30.2,4.6,5.096256,0.508,65.7,32.601984
29.6,5.2,4.425696,1.524,56.6,32.154528
30.2,5.0,3.978656,1.5748,53.2,27.849888
30.7,4.9,5.051552,2.8702,43.5,26.065728
30.2,3.8,4.336288,2.9464,51.0,28.169904000000002
29.6,3.8,4.604512000000001,0.3048,53.0,39.319488
29.6,2.3,4.604512000000001,0.3302,76.1,46.014336
27.5,2.8,4.4704,0.381,63.3,28.736303999999997
30.7,2.0,5.36448,4.2164,79.9,27.402432
30.7,1.1,6.124447999999999,1.7526,101.9,38.659632
29.6,1.5,4.872736,5.1054,94.1,30.393023999999997
29.1,0.9,6.48208,1.8542,115.6,57.067632
28.6,1.4,5.543296,6.0198,100.1,35.855952
25.4,3.7,6.0350399999999995,0.1524,141.0,132.942576
26.5,3.9,6.526784,0.2032,160.0,52.700688
28.0,4.8,5.2303679999999995,1.1176,242.2,88.6416
27.5,4.0,6.124447999999999,2.9464,147.1,60.525504
29.1,5.4,4.202176,4.953,192.4,48.72456
27.5,6.6,5.319776,0.4064,209.3,64.41950399999999
28.6,8.6,4.336288,4.9276,174.7,70.37803199999999
26.5,11.8,4.604512000000001,3.1242,224.6,82.38288
29.1,10.2,5.6327039999999995,5.715,191.1,88.239456
30.7,13.0,4.202176,0.0,274.4,93.43617599999999
27.5,17.7,4.91744,2.1844,254.1,65.478672
28.0,21.9,4.783328,1.0414,179.6,29.512272
26.4,23.3,3.7104320000000004,6.3754,258.3,25.286928
28.4,20.1,4.559807999999999,1.6256,198.5,14.689584000000002
28.0,21.4,3.889248,2.1844,238.4,16.048944
29.6,21.3,3.486912,7.9248,186.9,12.166272
28.4,19.4,4.559807999999999,0.6604,182.5,19.560624
29.2,18.9,3.978656,1.7272,174.0,24.066336
29.2,20.0,3.6657279999999997,7.7724,98.2,14.570640000000001
29.2,18.6,4.604512000000001,0.4826,133.4,27.818736
28.4,17.0,4.380992,5.4102,142.4,15.93
29.2,15.8,4.202176,1.016,145.8,33.522384
29.2,13.9,4.649216,1.3208,122.6,33.074928
29.2,12.4,4.202176,3.2004,124.5,21.681792
29.2,11.5,3.844544,1.3716,78.7,19.614432
28.4,10.5,4.649216,6.1976,49.5,28.5324
29.2,9.2,4.604512000000001,5.207,44.5,75.829632
27.0,8.3,4.291583999999999,7.3152,94.3,95.815056
27.5,7.0,5.2303679999999995,2.4384,65.9,102.303168
27.0,6.5,5.856224,8.1788,53.6,107.90203199999999
24.7,5.8,4.649216,3.429,42.0,161.16912
27.5,4.1,5.990336,4.4958,41.2,116.95876799999999
27.5,4.5,4.425696,1.7272,68.1,90.083088
29.2,2.5,5.81152,0.0,97.1,121.453152
28.0,0.5,4.157472,1.524,84.2,58.91976
28.4,4.0,4.91744,3.4036,71.7,52.30704
26.4,4.0,4.380992,7.5692,110.2,74.47593599999999
28.4,4.0,6.079744,0.5588,85.1,110.97191999999998
27.0,0.9,5.766816,2.7686,122.9,103.300032
28.4,1.8,4.559807999999999,2.54,105.9,48.778368
28.4,3.0,4.380992,1.143,96.8,41.466144
27.0,5.5,4.157472,1.651,97.4,60.85968
29.2,4.5,4.872736,0.0,152.3,55.354271999999995
27.2,6.0,4.157472,4.4704,121.2,42.242112000000006
29.69,6.0,5.096256,2.0828,237.9,95.0844
27.2,7.0,5.36448,0.5588,227.1,75.29438400000001
27.2,10.5,4.425696,6.1722,139.6,44.12256
27.2,9.0,5.185664,0.2286,219.9,64.968912
27.2,11.0,4.336288,4.0386,200.8,57.078959999999995
27.72,13.2,4.336288,4.1148,217.1,52.476960000000005
27.72,13.0,4.112768,0.762,153.4,47.317056
27.2,13.5,4.425696,1.143,287.5,60.686928
27.2,15.5,4.02336,0.2286,226.9,39.158063999999996
28.75,20.0,4.068064,1.8542,250.1,24.239088000000002
28.75,18.0,4.604512000000001,0.4826,176.6,25.754208000000002
28.75,19.8,3.173984,6.6802,151.8,18.84696
28.75,19.5,4.649216,0.5842,227.8,45.22137599999999
27.2,24.5,3.7104320000000004,4.4196,224.8,51.68966399999999
26.7,21.2,3.844544,1.7018,233.7,25.046208
27.2,21.5,3.486912,0.1524,191.6,19.764528
28.24,20.5,4.157472,0.4318,208.0,16.527552
27.72,23.5,3.7551360000000003,11.3538,190.8,13.672896
28.24,22.0,3.3528,0.8636,197.2,32.848368
27.72,21.0,3.084576,1.0922,213.8,14.681088
27.72,24.0,3.12928,1.4224,180.0,10.798416
29.27,20.2,3.7104320000000004,2.6416,190.1,14.295936000000001
29.27,18.5,4.112768,3.4798,158.5,16.300992
29.27,18.0,4.02336,0.1778,158.8,22.10376
28.29,17.0,4.112768,1.9558,138.0,20.642448
28.24,15.8,3.218688,0.1524,154.3,13.384032000000001
29.78,16.0,3.844544,0.1016,117.4,10.990991999999999
29.78,13.5,3.79984,0.0,103.6,10.09608
29.78,12.5,4.4704,6.2738,89.2,8.977440000000001
29.78,10.2,6.750304,0.0,93.7,35.416992
30.81,8.9,5.14096,0.2794,73.5,16.652160000000002
30.3,8.0,4.783328,2.1844,56.8,12.945072
29.78,8.0,2.9504639999999998,2.921,64.4,13.55112
28.75,5.9,4.515104,3.2004,48.0,26.943648
29.78,7.6,4.604512000000001,4.2926,48.8,29.546256
27.72,6.0,4.425696,8.9916,49.3,61.916016
29.06,3.5,3.3975039999999996,3.81,42.3,78.74659199999999
30.09,1.2,4.336288,1.5494,48.4,58.49496
29.06,0.9,4.515104,2.8194,68.3,52.621392
30.09,4.0,4.738624,2.286,74.7,89.695104
30.6,1.2,4.9621439999999994,1.2192,95.5,58.11264
29.57,0.5,4.783328,4.0894,117.0,49.7016
30.09,3.1,5.81152,0.508,117.2,94.104528
29.06,3.7,5.051552,0.1778,96.3,71.539152
30.09,4.5,6.213856,4.3688,122.3,45.603696
30.6,3.9,6.392672,5.3848,174.3,43.188
29.57,4.2,5.498592,1.0922,151.3,105.7044
29.06,4.0,5.498592,1.7526,153.9,69.63604799999999
29.57,7.3,5.275072000000001,0.5588,126.4,81.37752
30.6,8.2,5.498592,0.1016,247.0,86.409984
30.09,9.2,5.051552,0.9652,208.7,55.597824
31.12,9.6,5.856224,3.4544,240.9,44.71728
30.09,11.7,4.604512000000001,0.1778,169.2,37.917648
29.57,14.1,5.453887999999999,2.0828,277.9,55.80739200000001
29.06,12.8,4.068064,1.4986,133.6,27.382608
30.09,14.1,3.933952,0.0,127.5,28.436112
30.09,18.6,3.978656,2.032,306.8,20.452704
30.6,17.8,3.933952,5.0038,237.5,12.500447999999999
29.06,19.4,4.112768,0.381,175.2,25.960943999999998
30.6,18.3,5.006848,3.048,168.0,15.088896000000002
31.64,21.0,4.291583999999999,1.0414,278.4,12.256896000000001
31.64,20.3,4.604512000000001,0.0,240.4,9.693936
32.15,21.3,3.442208,0.3302,198.4,7.612416
31.64,22.6,3.7551360000000003,0.7366,240.1,7.875792000000001
32.67,23.0,3.442208,7.2136,224.5,7.360368
31.64,22.1,3.933952,7.3406,131.6,11.565888000000001
31.64,19.7,4.112768,0.3556,113.4,19.053696
32.15,19.5,3.844544,1.5748,187.3,13.024368
31.64,18.2,4.02336,4.953,152.5,13.800336
31.12,17.8,4.02336,0.0,160.8,28.608864
32.15,15.8,4.02336,0.0,175.0,27.883872
32.67,15.1,3.6657279999999997,5.588,153.8,13.361376
32.15,11.2,4.604512000000001,0.254,119.1,35.079983999999996
31.64,10.9,4.872736,0.762,74.1,19.574784
32.15,9.8,4.559807999999999,2.3876,79.7,20.464032
32.67,7.8,4.872736,3.175,74.3,23.508432
31.64,5.6,4.380992,2.54,69.5,49.523184
31.12,5.1,3.844544,3.175,54.1,48.410208
30.09,3.7,4.336288,1.6256,51.9,53.941103999999996
32.15,4.8,3.933952,1.0668,52.0,32.689776
30.2,3.6,3.978656,9.8044,78.3,30.044687999999997
28.73,4.2,4.515104,3.3782,41.3,65.365392
27.65,1.6,5.453887999999999,2.5908,72.8,88.972944
30.44,3.3,4.559807999999999,0.7112,81.3,72.623808
29.9,2.1,4.604512000000001,2.3368,93.7,57.81528
29.86,1.8,4.291583999999999,1.2192,80.1,42.964272
29.17,1.4,4.157472,3.9624,91.1,35.312208
29.28,3.5,4.02336,1.1176,94.0,46.269216
29.94,2.6,5.6327039999999995,0.508,130.5,97.403808
29.24,2.5,5.14096,2.3876,145.9,49.97064
28.72,3.0,5.051552,2.8194,103.1,46.61472
28.95,5.1,5.006848,1.143,150.9,76.82649599999999
30.24,4.0,5.766816,4.3434,174.5,59.013216
28.73,4.0,7.197344,0.0,136.6,84.319968
29.99,5.7,5.275072000000001,0.1524,222.7,52.61856
30.86,6.2,5.945632,3.0988,181.6,36.263760000000005
27.73,9.7,4.24688,0.0,174.5,28.32
30.4,10.8,4.112768,2.667,273.9,24.05784
29.79,15.5,3.933952,0.0,235.8,30.531792
30.41,15.5,4.02336,1.6256,235.7,17.139264
29.17,19.5,4.112768,6.8834,242.0,13.780512
30.04,15.7,3.889248,4.3942,173.2,23.916240000000002
30.32,17.1,4.112768,0.0,163.0,26.513184000000003
29.8,19.8,3.978656,0.0,233.9,11.226048
30.54,21.0,3.263392,4.6228,252.8,8.59512
30.97,21.4,4.112768,0.381,164.3,10.908864
31.31,22.9,4.559807999999999,3.9116,235.1,9.793056
31.19,23.4,4.202176,0.0,245.9,9.390912
30.99,22.5,3.933952,0.0,171.2,12.211584
31.21,21.9,2.995168,0.0,202.7,7.544448
31.44,21.2,3.7104320000000004,1.8034,211.3,6.142607999999999
31.12,19.9,3.933952,0.1016,196.9,8.181648000000001
31.61,19.8,3.57632,3.1496,174.6,6.54192
31.71,17.8,4.291583999999999,1.6256,180.9,8.719728
31.26,18.2,3.084576,10.8712,124.7,8.6376
30.25,16.9,3.889248,0.4318,78.4,43.550495999999995
30.59,14.0,3.3528,4.7752,131.6,18.289056000000002
29.52,14.6,4.649216,2.921,81.9,54.937968
26.82,13.8,3.218688,0.6096,105.7,59.64192
30.31,13.6,4.24688,1.27,108.2,36.079679999999996
29.72,13.3,3.889248,8.3312,84.2,28.809936
28.58,10.8,4.336288,3.8354,90.6,84.504048
29.19,8.8,4.112768,0.0,60.4,80.369328
27.29,5.8,4.515104,2.032,74.6,62.745792
29.52,7.9,4.112768,3.683,42.4,72.35759999999999
27.41,1.8,4.336288,1.905,72.2,77.888496
29.5,5.0,4.649216,1.5494,140.8,66.51235199999999
29.5,3.0,4.872736,3.2258,93.0,54.07704
30.5,4.0,5.409184,2.6416,123.4,51.508416
26.7,4.0,5.766816,1.2954,151.3,60.129024
27.8,7.0,4.91744,2.413,219.7,48.45552
29.9,6.0,5.36448,0.2032,194.3,35.821968
29.9,11.0,4.425696,2.286,244.9,27.119232
29.9,10.0,4.202176,3.302,155.1,24.502464000000003
31.0,13.0,4.69392,2.286,268.4,34.374815999999996
30.5,14.2,4.738624,0.8128,200.5,27.705455999999998
29.9,14.5,4.649216,0.0,208.0,30.47232
30.5,15.5,3.6657279999999997,2.4384,230.7,19.761696
30.5,16.5,3.486912,0.2286,241.3,17.974704
31.0,21.5,4.291583999999999,2.1336,273.2,8.24112
31.0,23.0,3.308096,1.9812,235.0,9.991296
31.6,23.0,3.978656,2.794,266.9,6.884592
31.6,23.0,3.933952,2.3622,223.9,6.190752
32.6,21.5,4.425696,12.8778,258.7,7.450991999999999
31.6,20.0,3.7104320000000004,13.4874,172.1,13.551120000000001
31.0,21.0,4.02336,2.0828,181.4,30.33072
29.4,21.5,4.649216,0.0,247.1,39.124080000000006
29.9,23.3,3.7104320000000004,1.778,264.3,15.380592
31.6,19.5,3.7551360000000003,0.7366,188.5,11.749967999999999
32.1,19.0,3.6657279999999997,1.524,195.4,11.339328
31.0,19.6,3.263392,0.889,204.2,9.979968
31.6,19.7,2.995168,0.2032,157.3,10.407599999999999
32.1,18.4,3.889248,0.3556,185.8,10.724784
31.6,11.2,4.4704,1.9558,102.8,25.677744
31.6,10.0,4.425696,0.9144,93.9,21.390096
32.1,8.8,4.068064,0.0,97.5,16.779600000000002
32.6,6.0,4.559807999999999,1.0414,107.6,12.027504
32.1,5.0,4.380992,0.2032,65.7,11.52624
32.1,5.0,3.7104320000000004,4.064,86.0,11.22888
33.0,1.0,6.124447999999999,2.0066,54.8,23.726496
32.1,2.0,4.380992,1.143,70.6,14.25912
33.0,0.0,5.185664,1.397,72.5,15.56184
32.1,-0.5,4.872736,8.2296,77.1,14.120352
31.6,-1.7,4.649216,0.5588,58.6,16.278336000000003
31.5,0.5,3.889248,1.778,111.5,17.99736
32.6,-0.5,4.157472,3.5814,86.0,19.419024
30.5,1.5,4.559807999999999,2.1844,84.4,49.820544
30.5,2.6,4.738624,4.4704,120.5,70.99824
31.2,6.0,4.380992,2.6924,123.3,90.02078399999999
30.5,4.0,5.2303679999999995,4.7498,116.2,93.79584
29.9,4.0,6.795007999999999,2.4638,152.1,122.047872
28.9,5.5,5.051552,4.064,166.4,83.014416
28.9,6.8,6.3032639999999995,0.0,222.1,102.699648
30.5,9.0,5.096256,2.2098,270.6,49.222992
28.3,9.0,4.380992,0.0,167.5,44.445408
31.5,10.5,4.738624,5.6896,215.0,59.214287999999996
29.9,9.7,4.425696,0.6096,202.0,35.3292
30.5,13.4,5.275072000000001,2.3876,256.1,91.181904
29.4,17.0,4.69392,1.0668,261.0,23.638704
31.0,16.0,4.91744,6.2992,216.0,15.74592
31.0,24.5,3.3975039999999996,0.5334,217.7,10.311312000000001
31.5,22.5,3.889248,2.667,180.4,9.804384
32.1,21.0,4.02336,0.9144,179.1,9.67128
32.1,21.8,3.889248,0.0,220.6,9.747743999999999
32.1,22.6,3.442208,3.2004,173.8,8.286432
32.1,20.2,3.844544,4.445,199.7,8.833008
32.1,19.0,4.112768,6.5786,118.5,10.571856
31.5,17.1,4.9621439999999994,4.953,61.4,22.636176
31.0,17.0,4.649216,5.715,149.9,34.244544
30.5,14.8,4.738624,7.2898,118.4,29.922912
29.9,12.5,5.006848,1.4478,61.0,45.445104
29.9,15.7,4.24688,0.0508,129.1,66.600144
31.0,11.0,4.91744,0.8382,51.4,71.893152
30.5,9.8,4.91744,1.4732,84.5,47.198112
31.5,3.7,6.392672,3.0226,65.1,57.693504
29.4,4.0,4.738624,5.715,47.1,68.047296
28.3,3.7,5.409184,0.4318,48.6,103.29153600000001
29.9,1.5,6.3032639999999995,6.1976,54.5,80.83944
29.0,0.9,5.36448,5.6388,70.4,100.060224
29.5,0.6,4.291583999999999,5.334,66.6,67.126896
32.1,0.1,3.218688,0.0,133.1,56.079263999999995
31.6,0.8,3.084576,0.0,126.8,47.838144
30.5,-0.1,5.722112,0.0,152.8,28.370976
30.5,2.0,4.202176,2.921,165.1,29.186591999999997
26.4,2.7,4.9621439999999994,3.9624,124.3,57.656688
30.5,5.0,5.096256,0.05,141.5,117.83
29.9,4.8,5.275072000000001,0.38,224.2,165.27
30.5,6.0,5.051552,0.81,176.1,92.75
30.5,7.3,5.409184,5.18,186.6,56.17
30.5,8.5,5.006848,0.0,209.1,77.53
31.6,7.7,5.543296,1.96,220.9,45.120000000000005
30.5,11.8,4.604512000000001,4.98,234.2,36.39
31.6,13.7,4.202176,4.88,222.3,63.31
31.0,15.8,3.978656,1.96,220.2,37.9
32.1,17.7,4.872736,0.05,229.1,35.59
30.5,19.0,4.828032,2.44,240.0,20.560000000000002
29.5,18.4,4.068064,4.32,259.2,14.98
30.5,17.8,5.453887999999999,4.22,245.0,11.829999999999998
31.6,20.2,5.2303679999999995,2.03,235.1,13.07
31.0,22.0,4.202176,0.0,208.6,11.11
30.5,22.5,4.380992,0.3,245.8,12.29
31.6,21.4,3.978656,9.91,193.9,8.28
31.6,22.0,3.308096,3.18,96.1,17.07
31.6,23.6,3.79984,1.14,175.5,60.39
31.0,21.3,3.7551360000000003,2.51,143.6,12.77
32.1,17.7,4.380992,2.06,132.1,11.52
31.6,16.8,3.79984,0.08,159.0,11.879999999999999
31.0,16.8,3.621024,3.15,162.1,9.059999999999999
30.5,14.7,4.425696,2.62,104.9,12.86
31.5,13.8,3.442208,0.51,121.8,13.11
32.1,12.9,3.978656,1.83,142.1,12.71
30.2,12.6,3.3528,0.0,101.3,11.98
30.2,10.7,3.442208,2.74,64.0,10.120000000000001
31.0,9.7,4.738624,2.03,73.4,11.870000000000001
30.6,7.0,5.14096,3.18,38.8,12.16
31.8,7.0,4.291583999999999,5.56,48.8,17.82
30.7,5.0,4.157472,0.28,45.7,32.41
30.7,4.0,5.677408,5.89,57.0,26.6
31.8,5.4,5.051552,10.03,60.6,25.240000000000002
29.1,2.5,5.319776,4.7,54.6,76.99000000000001
30.1,2.3,5.096256,7.47,72.1,108.52
30.7,3.3,4.9621439999999994,0.41,55.2,273.46000000000004
30.2,0.7,7.37616,0.1,115.0,111.64000000000001
30.5,3.4,3.79984,4.06,108.8,88.93
30.5,2.0,4.9621439999999994,0.43,83.7,126.8
29.6,3.2,5.722112,0.81,179.6,73.25
29.8,4.6,5.36448,1.68,170.3,47.88
29.6,6.2,4.425696,2.39,89.1,43.16
29.9,5.1,5.945632,1.75,73.7,50.7
30.0,6.7,4.91744,0.0,172.7,51.9
30.5,8.9,4.202176,7.34,249.6,40.22
29.6,11.7,4.604512000000001,0.79,204.5,66.66
29.4,13.5,4.828032,4.09,283.4,56.620000000000005
29.2,14.8,4.336288,0.97,204.7,36.17
28.5,14.2,4.559807999999999,11.73,151.5,38.8
28.8,15.4,4.515104,3.18,156.8,103.28
24.4,17.8,3.3975039999999996,0.53,228.3,79.25999999999999
27.4,17.2,4.291583999999999,1.42,255.7,43.19
27.4,18.8,5.096256,0.0,311.3,25.18
28.6,18.4,4.91744,1.17,321.8,19.259999999999998
29.6,19.4,4.336288,0.1,282.2,16.18
30.2,18.8,4.336288,1.96,284.8,12.989999999999998
29.6,21.7,3.57632,0.05,243.6,11.16
28.6,22.5,3.57632,1.22,235.1,21.2
29.6,25.0,3.7551360000000003,17.04,233.9,14.970000000000002
29.0,23.5,3.79984,6.22,219.9,29.74
29.0,20.2,4.872736,0.74,185.3,30.58
29.0,19.3,4.112768,0.71,187.6,35.97
29.6,20.9,3.933952,0.99,163.0,19.37
29.0,22.2,4.02336,3.53,146.5,23.23
29.6,20.4,4.157472,0.76,165.6,24.54
29.6,20.3,4.336288,5.33,227.2,16.86
28.6,17.1,4.783328,1.4,174.8,21.08
29.0,17.8,3.218688,5.54,119.2,19.7
30.2,17.8,4.4704,2.97,123.9,42.57
29.6,13.6,4.202176,0.0,75.7,38.959999999999994
29.6,14.5,3.3975039999999996,0.76,106.8,26.83
29.8,12.4,3.978656,5.21,100.4,24.630000000000003
29.6,11.5,4.02336,3.81,112.7,41.629999999999995
27.4,11.1,3.844544,0.81,47.0,49.18
29.0,9.0,4.649216,1.57,75.5,58.56999999999999
30.6,8.2,5.319776,1.32,92.1,33.67
30.2,7.3,5.319776,1.98,78.7,31.75
29.6,4.7,5.319776,0.0,73.9,31.049999999999997
30.6,2.9,5.006848,2.44,70.8,21.5
29.6,2.4,5.766816,0.25,56.7,28.159999999999997
31.0,3.0,6.213856,0.69,50.0,24.96
31.8,1.3,5.2303679999999995,0.0,90.6,19.5
31.8,-1.0,5.9009279999999995,0.0,115.8,20.16
31.8,0.6,4.738624,1.85,124.0,13.29
32.1,1.5,4.69392,1.07,126.7,11.870000000000001
31.2,1.3,4.157472,0.0,97.7,14.469999999999999
31.4,-0.1,6.347968,0.86,158.2,12.32
30.6,2.75,4.425696,4.67,138.3,15.100000000000001
31.8,4.5,6.92912,12.52,166.3,31.07
26.4,5.0,6.124447999999999,2.54,150.1,138.47
27.4,5.6,5.319776,2.57,112.5,90.16
28.6,7.0,4.783328,6.58,187.3,71.19
27.4,10.2,4.69392,0.91,144.4,106.01
27.4,9.8,5.185664,3.23,234.2,72.84
28.0,9.5,4.649216,3.05,130.4,43.16
29.6,11.25,5.498592,1.19,209.0,75.53
29.6,11.5,4.157472,0.71,180.7,45.49
30.2,14.7,4.336288,1.98,218.3,35.96
29.4,15.75,4.068064,1.02,238.4,30.4
30.6,16.5,3.978656,5.84,273.3,18.880000000000003
31.2,15.6,4.559807999999999,0.0,180.3,26.04
30.6,18.3,4.02336,0.0,254.2,18.83
30.6,20.6,4.157472,1.02,240.6,11.52
30.6,20.0,3.79984,0.15,243.6,17.549999999999997
30.6,21.0,3.442208,0.0,258.9,10.15
31.2,24.0,4.336288,0.25,248.2,7.870000000000001
31.4,22.7,4.068064,5.84,252.0,8.27
31.2,24.6,4.112768,0.99,227.2,29.95
31.0,23.4,3.889248,0.99,226.0,14.15
31.2,21.0,4.157472,0.97,208.2,10.690000000000001
30.6,21.8,4.783328,0.0,154.8,9.84
31.8,22.5,3.531616,0.0,156.0,8.69
31.2,21.5,3.889248,0.0,229.7,8.54
31.8,19.9,4.380992,1.83,174.7,7.58
31.8,21.9,4.02336,0.43,176.4,8.56
31.8,17.5,4.604512000000001,2.06,166.2,7.209999999999999
31.8,16.5,3.844544,0.94,116.6,10.52
31.8,9.5,4.02336,3.94,100.6,9.67
32.2,12.0,5.096256,0.28,107.4,15.82
31.8,10.25,3.7104320000000004,0.86,122.6,13.87
31.8,8.5,5.588,0.51,100.6,12.54
31.2,7.0,5.2303679999999995,3.43,93.6,10.59
31.8,6.2,3.978656,3.89,83.3,11.219999999999999
31.2,6.0,5.006848,0.23,61.0,30.729999999999997
30.6,4.0,5.051552,0.81,83.5,20.78
30.6,4.2,4.380992,0.0,69.9,15.48
31.8,-0.9,4.559807999999999,0.64,68.3,10.37
31.8,-2.0,4.202176,0.0,84.7,8.82
31.8,-1.0,4.112768,0.13,69.0,8.23
31.8,-0.2,3.263392,4.17,91.5,8.13
31.8,0.5,3.621024,1.04,99.8,9.059999999999999
31.8,-0.5,4.425696,3.25,73.7,24.43
30.6,2.0,5.185664,3.84,118.7,28.59
28.6,5.3,4.649216,0.28,85.8,42.5
29.6,3.25,5.453887999999999,0.0,81.5,108.41
30.6,2.8,4.783328,0.3,95.7,59.55
30.2,2.5,4.604512000000001,4.8,176.8,23.21
30.6,4.5,3.844544,0.99,167.8,20.450000000000003
31.2,6.5,6.25856,1.3,160.9,32.459999999999994
28.6,9.75,6.079744,2.79,197.9,33.540000000000006
30.6,8.9,5.990336,1.17,212.1,28.82
30.2,9.6,4.649216,0.2,171.6,28.32
29.6,9.5,4.4704,3.43,173.5,31.5
30.2,10.5,5.051552,0.0,183.1,21.98
30.6,13.7,5.498592,0.91,200.5,38.06
29.6,16.0,4.559807999999999,1.55,277.4,28.150000000000002
29.8,17.2,4.24688,0.79,212.3,19.85
30.6,18.0,4.068064,2.62,226.7,16.17
30.6,18.5,4.828032,0.91,248.5,12.73
30.6,19.5,4.068064,4.29,169.7,11.73
30.2,22.0,5.185664,0.0,255.6,16.71
30.6,23.1,4.604512000000001,3.35,293.4,19.21
30.6,22.5,4.336288,1.37,252.3,10.84
30.6,23.0,4.336288,2.82,233.6,15.33
30.6,23.0,4.4704,3.91,269.1,10.45
31.0,23.5,3.7551360000000003,0.0,204.2,8.61
30.6,20.8,4.112768,0.0,168.7,7.74
31.2,20.5,3.7104320000000004,1.35,196.3,6.609999999999999
30.6,21.0,4.202176,4.17,159.9,5.58
31.4,21.2,4.157472,0.48,210.8,7.449999999999999
31.2,19.0,4.4704,3.63,92.6,13.62
31.8,18.0,4.4704,0.74,145.7,15.11
30.6,14.5,5.051552,0.94,123.0,14.14
30.6,13.0,4.380992,2.24,119.8,11.11
30.6,12.5,3.218688,1.6,131.7,8.760000000000002
30.6,12.5,5.006848,0.97,129.5,16.02
31.2,11.8,4.425696,0.71,63.5,28.240000000000002
30.6,11.0,4.336288,6.32,104.6,17.69
30.6,9.0,5.2303679999999995,0.13,75.5,13.72
30.6,7.9,5.36448,8.38,45.0,46.410000000000004
30.6,5.5,4.783328,0.15,80.9,28.78
29.6,3.0,4.91744,1.37,58.6,41.0
27.4,2.5,3.3528,7.49,40.4,51.87
28.3,3.0,4.604512000000001,1.57,64.3,54.36
28.8,-1.5,4.4704,5.97,69.3,37.209999999999994
29.0,1.5,4.91744,1.07,92.7,30.459999999999997
28.6,1.5,5.453887999999999,0.79,78.3,126.74000000000001
27.8,1.5,4.380992,0.0,98.3,65.44
28.3,2.0,5.2303679999999995,5.05,88.9,48.82
29.8,1.0,5.409184,0.81,134.9,39.05
28.6,2.0,5.096256,2.01,109.0,40.31
29.6,3.0,4.872736,0.66,128.7,59.900000000000006
29.1,4.5,3.7551360000000003,4.5,145.2,60.67
29.6,3.8,5.409184,1.3,201.8,51.41
29.6,2.0,5.945632,0.56,179.2,53.879999999999995
29.6,4.0,6.7056,0.0,161.8,67.91
27.5,9.0,5.409184,3.96,201.6,60.87
28.6,9.5,5.498592,0.56,243.8,42.63
28.0,11.0,5.409184,0.13,192.0,47.56
28.8,11.5,3.442208,0.71,240.4,35.699999999999996
28.6,14.2,4.380992,1.63,222.2,24.41
29.1,13.0,4.291583999999999,0.0,187.3,19.810000000000002
28.0,16.0,3.3975039999999996,1.32,175.9,25.33
24.4,15.0,5.722112,0.41,214.8,219.76
27.0,16.5,4.157472,0.58,202.3,112.15
27.3,19.2,4.068064,0.41,255.7,57.06
28.6,18.5,4.872736,0.0,234.4,36.69
28.6,22.5,4.02336,5.97,263.4,20.39
29.1,24.0,3.57632,2.54,232.1,15.600000000000001
28.6,23.2,3.933952,1.17,233.2,20.189999999999998
29.6,21.5,4.068064,0.13,198.5,16.990000000000002
29.6,20.5,3.308096,3.66,203.7,19.3
29.1,19.5,4.02336,6.76,230.1,13.15
29.6,19.0,4.336288,0.0,166.4,14.02
29.1,18.5,4.02336,0.0,180.6,19.84
29.1,20.5,2.995168,1.73,208.5,15.510000000000002
30.1,19.0,3.084576,0.69,167.5,10.71
29.6,18.0,4.068064,6.02,108.9,16.66
30.4,17.5,4.380992,0.46,116.2,13.64
29.6,15.6,3.79984,0.08,119.7,27.369999999999997
30.7,13.4,3.7551360000000003,0.0,117.5,20.380000000000003
30.1,11.5,3.7104320000000004,4.34,137.6,15.45
30.1,13.5,3.084576,3.81,111.4,14.2
30.7,12.5,4.559807999999999,0.51,78.5,19.91
27.8,11.0,3.844544,1.52,59.6,30.47
30.1,10.0,4.604512000000001,1.07,63.7,22.87
30.7,13.0,3.889248,2.03,40.2,24.93
29.6,6.5,4.783328,0.99,41.4,21.7
29.1,4.0,5.677408,0.25,54.8,22.57
30.1,6.5,4.068064,1.09,46.6,24.93
30.7,4.0,4.4704,4.37,56.6,21.97
29.6,4.0,4.157472,3.96,61.1,21.72
29.6,3.0,5.543296,1.07,48.5,50.120000000000005
28.0,2.0,4.202176,4.52,84.7,31.849999999999998
29.1,2.5,4.291583999999999,2.49,70.6,54.34
28.0,1.5,5.856224,4.45,65.4,80.34
28.6,1.5,4.604512000000001,0.76,112.9,53.260000000000005
27.5,3.0,4.604512000000001,3.33,116.8,63.9
28.6,3.2,4.9621439999999994,8.08,114.9,64.93
27.3,4.5,4.69392,4.72,110.5,99.05
27.8,4.5,7.197344,4.88,39.1,140.62
26.5,6.5,5.14096,3.61,116.2,139.8
27.5,5.5,6.169152,14.22,150.2,152.13
27.0,6.0,5.945632,2.82,162.7,101.22
24.4,8.0,5.14096,13.11,156.3,84.32
24.4,8.8,5.677408,0.05,155.0,159.06
23.8,9.0,5.453887999999999,0.66,132.2,209.39
27.0,11.2,5.275072000000001,1.32,188.0,157.88
24.4,13.0,5.945632,2.54,182.8,79.62
26.5,11.5,4.604512000000001,6.05,168.0,50.17
27.5,14.8,4.828032,7.77,197.4,50.010000000000005
27.8,14.5,5.275072000000001,0.0,169.7,54.61
26.5,16.0,4.112768,0.18,197.7,71.68
26.0,19.5,4.02336,0.36,233.2,42.370000000000005
27.5,20.5,3.531616,1.73,219.3,29.85
28.6,20.6,4.157472,1.63,258.0,20.880000000000003
29.1,21.0,4.380992,0.51,249.0,19.27
29.6,21.0,4.4704,3.3,250.5,14.92
29.6,20.5,4.783328,1.93,212.0,10.370000000000001
30.1,22.8,4.649216,3.23,247.0,10.59
30.1,23.0,3.933952,0.84,213.7,11.68
29.1,21.0,4.872736,0.05,154.4,13.31
29.6,21.7,4.02336,0.28,214.4,12.280000000000001
29.6,23.0,3.933952,0.0,226.1,8.26
30.7,22.5,4.202176,1.55,178.7,13.079999999999998
29.9,23.0,4.380992,3.1,210.2,8.15
29.9,20.5,4.02336,3.43,178.8,7.75
29.9,19.1,4.515104,0.0,187.2,10.04
29.6,19.0,3.57632,3.3,127.9,9.91
30.1,17.5,4.291583999999999,4.9,153.8,12.08
30.7,16.5,4.9621439999999994,2.74,130.5,16.740000000000002
29.1,12.0,4.9621439999999994,1.52,83.0,14.440000000000001
29.6,11.6,5.453887999999999,5.23,88.2,17.14
30.7,11.7,3.79984,8.33,99.9,12.68
29.9,10.0,4.425696,12.29,101.6,17.23
29.6,10.0,4.69392,4.85,74.5,43.06
26.5,7.1,5.185664,2.41,78.2,62.260000000000005
27.5,7.0,4.91744,6.71,65.2,63.480000000000004
25.4,6.0,5.498592,5.13,63.8,74.56
26.5,5.5,4.4704,2.64,48.3,110.82
28.6,1.0,5.319776,0.2,68.8,70.38
27.5,1.0,4.336288,1.4,55.0,70.08
28.0,2.5,3.3528,0.89,57.7,45.62
28.6,1.0,5.096256,1.14,60.1,35.61
29.6,0.0,3.263392,6.05,82.8,29.83
28.0,1.0,3.3975039999999996,1.04,69.2,39.06
28.6,3.0,3.978656,4.67,67.0,48.18
27.5,2.0,5.051552,2.34,94.0,62.91
28.0,4.1,4.4704,5.64,54.5,91.85000000000001
27.8,4.0,5.36448,2.36,124.0,86.95
27.5,2.8,5.588,6.17,135.4,99.36000000000001
28.6,1.0,5.319776,2.79,130.7,67.7
27.5,3.0,5.945632,3.33,120.2,87.13999999999999
26.5,6.5,5.36448,1.93,161.2,78.64
25.4,6.5,5.185664,2.34,144.0,171.01
26.2,7.0,5.051552,2.03,158.5,106.99
27.5,8.0,4.649216,2.31,158.4,95.63
26.5,11.0,4.24688,1.37,208.8,71.62
27.5,11.5,4.872736,1.09,234.9,57.95
28.0,12.0,5.051552,2.08,203.1,56.730000000000004
27.5,13.5,4.157472,20.22,198.3,44.980000000000004
27.5,16.0,4.9621439999999994,0.0,191.4,32.27
24.4,15.5,5.498592,1.17,99.4,185.31
23.3,22.0,3.889248,2.9,270.6,122.55000000000001
26.5,18.0,4.559807999999999,1.98,278.2,50.489999999999995
27.5,18.5,4.425696,3.73,233.8,33.3
26.5,21.5,4.202176,0.56,184.6,29.16
26.0,21.1,5.766816,6.5,195.6,35.89
27.8,22.0,4.24688,2.31,270.0,42.87
27.5,23.0,4.157472,0.64,191.7,29.89
27.5,21.0,4.291583999999999,0.58,216.1,24.560000000000002
28.0,23.0,3.263392,0.43,210.6,17.310000000000002
27.5,23.0,3.6657279999999997,0.15,152.4,15.32
29.1,22.0,3.531616,0.43,202.7,12.51
29.6,22.0,4.291583999999999,1.8,225.3,11.82
29.6,20.0,4.4704,2.39,160.0,10.36
29.9,19.5,3.531616,0.0,168.6,12.09
29.6,17.5,4.4704,0.3,146.7,14.659999999999998
30.7,19.0,3.978656,1.07,200.5,10.25
30.7,17.0,4.02336,0.0,134.9,8.84
29.6,15.5,4.738624,2.21,145.5,16.689999999999998
29.1,15.0,4.291583999999999,2.16,98.3,11.25
29.6,15.5,3.039872,1.88,104.5,9.81
30.1,17.0,3.173984,2.49,57.0,17.69
29.6,13.8,4.157472,0.15,89.0,16.130000000000003
29.6,12.0,4.872736,0.0,72.4,19.11
29.6,7.5,4.112768,3.61,85.1,16.94
29.6,7.0,3.933952,0.48,75.3,18.590000000000003
30.7,6.0,4.515104,3.51,66.5,25.490000000000002
29.6,7.0,3.889248,0.33,31.0,22.47
30.1,7.0,3.889248,1.55,53.0,26.08
29.6,6.5,4.738624,0.66,57.6110769230769,27.1
30.7,1.0,5.14096,0.0,61.8356538461538,20.97
30.7,1.0,4.4704,0.97,50.739,17.240000000000002
31.7,0.0,5.36448,0.84,89.5860576923077,16.560000000000002
29.6,-1.2,4.068064,2.21,79.5917307692308,14.55
31.2,-1.0,5.722112,0.1,107.344307692308,15.9
30.7,0.5,4.24688,0.46,100.754769230769,39.050000000000004
30.7,2.5,4.4704,2.46,113.095403846154,27.939999999999998
29.6,2.0,5.543296,4.32,133.556346153846,29.8
30.1,3.0,5.051552,0.08,141.097846153846,32.28
31.2,3.0,5.81152,0.51,131.302307692308,45.9
30.1,3.2,4.91744,1.57,165.11175,29.720000000000002
29.6,5.5,5.856224,1.04,184.896461538462,21.33
30.7,6.0,5.990336,0.3,164.2725,25.68
30.1,9.0,5.185664,1.27,184.566153846154,24.1
30.7,10.0,4.91744,5.44,181.090096153846,17.91
29.6,10.5,4.91744,1.91,178.315115384615,15.900000000000002
30.7,9.5,5.36448,1.88,183.367557692308,24.61
29.6,14.0,5.588,0.56,231.185769230769,30.28
30.7,14.0,5.006848,2.87,244.985384615385,19.93
30.1,17.5,4.24688,2.67,241.718346153846,18.87
30.7,17.0,5.2303679999999995,3.89,205.404519230769,16.82
30.1,17.0,4.24688,1.4,206.046615384615,16.21
30.7,17.0,5.051552,2.77,223.36875,12.63
30.7,18.25,4.559807999999999,0.64,237.582,16.91
30.1,17.5,4.828032,0.15,164.348942307692,15.13
31.2,21.5,4.336288,1.88,244.409,10.92
30.7,23.0,4.24688,4.34,265.472307692308,8.209999999999999
30.1,22.5,4.783328,5.72,221.470384615385,9.13
30.7,24.0,4.783328,1.6,255.212442307692,10.29
30.7,22.5,3.978656,8.76,210.567846153846,9.36
29.1,21.9,3.442208,1.75,150.908942307692,6.92
29.6,19.8,4.783328,0.99,184.266923076923,33.379999999999995
28.6,21.9,3.531616,0.0,154.390788461538,21.490000000000002
29.6,18.5,3.933952,1.55,178.595653846154,23.090000000000003
29.6,19.4,3.6657279999999997,2.92,192.634,12.780000000000001
30.7,17.0,4.24688,0.23,128.731423076923,19.8
30.7,15.0,4.24688,0.1,120.891480769231,18.29
30.7,13.5,3.978656,8.76,143.504076923077,16.3
29.6,11.5,4.649216,5.31,103.689615384615,13.399999999999999
30.7,12.0,5.2303679999999995,1.47,76.3696538461539,61.01
29.6,10.0,5.185664,3.1,53.6808461538462,52.099999999999994
29.6,9.0,4.738624,0.58,75.5913846153846,54.79
29.1,10.0,4.828032,2.03,32.0996538461538,49.06
29.6,7.0,5.051552,0.25,74.1057692307692,49.76
29.6,6.0,4.157472,3.18,48.57175,42.239999999999995
30.7,3.5,3.889248,0.0,57.873,25.93
30.1,4.0,4.24688,3.02,65.8645384615385,28.419999999999998
30.7,3.0,6.437376,5.26,88.3076153846154,24.89
30.1,2.8,4.336288,6.2,78.6228846153846,21.16
29.1,4.0,5.6327039999999995,1.68,72.9775384615385,34.35
29.1,3.0,5.36448,0.56,87.0437884615385,87.59
29.6,2.0,4.336288,3.94,79.5778076923077,44.519999999999996
29.9,1.5,5.319776,0.0,109.832192307692,31.98
29.1,3.0,4.112768,0.05,63.2211538461538,54.39
29.6,2.5,5.185664,5.94,163.192173076923,42.91
30.7,1.5,5.2303679999999995,0.76,149.967,33.620000000000005
27.5,4.5,4.872736,0.51,94.2279423076923,75.64
29.6,4.0,5.856224,0.58,171.991076923077,78.4
29.6,7.5,6.079744,1.24,210.3975,50.67
28.0,7.5,4.91744,0.08,194.538192307692,39.34
29.6,7.5,4.425696,3.43,155.680365384615,32.64
29.4,9.5,5.6327039999999995,0.0,226.726615384615,23.439999999999998
30.7,9.5,5.990336,0.89,119.059134615385,23.32
30.7,10.0,5.2303679999999995,0.0,218.907692307692,21.65
29.6,10.5,5.766816,4.06,187.931423076923,17.2
30.7,14.0,5.051552,0.99,241.903692307692,14.15
31.7,16.0,4.068064,4.7,199.258557692308,24.91
30.7,18.0,4.515104,2.82,259.845923076923,17.939999999999998
29.6,17.5,4.649216,0.28,201.464423076923,55.09
28.8,19.0,4.515104,0.38,238.028769230769,71.17
29.6,19.5,5.096256,3.51,235.074,19.189999999999998
29.6,20.0,4.4704,1.52,229.027384615385,24.410000000000004
29.6,19.0,4.559807999999999,4.24,197.289230769231,16.1
29.6,20.0,3.486912,2.51,212.56025,18.79
29.9,22.0,3.889248,2.64,225.297615384615,11.91
29.1,22.75,4.02336,1.55,152.089442307692,18.58
29.4,22.5,4.157472,3.89,229.244307692308,33.46
29.6,20.0,4.336288,0.1,170.371846153846,28.21
29.6,18.5,3.308096,2.06,169.114307692308,10.42
30.1,18.2,4.828032,0.15,190.912557692308,11.11
30.7,17.0,3.6657279999999997,2.67,147.916538461538,8.57
30.1,17.5,3.173984,0.08,137.26075,9.17
30.7,17.0,4.425696,2.41,109.401923076923,11.0
30.1,13.0,3.6657279999999997,5.87,123.414230769231,11.620000000000001
29.6,9.5,4.112768,5.21,36.8752692307692,22.310000000000002
26.5,4.0,4.425696,3.76,43.74975,101.78999999999999
28.0,4.5,4.738624,2.77,58.9671153846154,86.56
29.1,3.5,4.604512000000001,4.01,63.1618076923077,68.46000000000001
27.5,3.0,4.649216,1.83,66.7457307692308,61.72
28.6,2.0,4.69392,0.0,76.4700192307692,50.44
29.1,1.5,5.2303679999999995,0.25,120.189807692308,39.39
29.6,1.5,4.4704,0.28,140.563692307692,29.36
30.1,3.0,4.515104,0.1,127.920692307692,30.08
28.6,6.0,3.6657279999999997,0.25,154.616961538462,62.13
28.8,3.5,5.498592,1.24,131.955096153846,70.05
29.6,5.0,5.677408,14.45,146.701153846154,48.18
29.6,7.5,3.978656,3.05,176.79025,54.67999999999999
23.3,9.0,5.81152,2.16,133.052269230769,176.10999999999999
23.9,9.7,4.783328,0.74,176.038442307692,181.12
29.6,7.5,4.604512000000001,0.2,165.871942307692,88.85
28.0,12.5,5.006848,0.18,202.683461538462,84.17
27.5,14.0,4.738624,1.17,259.340230769231,48.62
27.5,15.5,4.157472,2.31,208.801442307692,34.019999999999996
30.1,19.0,3.308096,0.56,250.211076923077,18.990000000000002
28.6,20.5,2.324608,2.21,267.78225,12.420000000000002
29.6,18.5,2.8163519999999997,0.89,184.5,14.77
29.4,22.0,4.291583999999999,0.33,230.959923076923,11.239999999999998
29.6,21.0,4.202176,0.2,268.699326923077,7.01
30.7,22.5,4.202176,3.61,241.396615384615,10.11
30.1,19.0,4.157472,10.44,167.151769230769,8.65
29.6,20.0,3.933952,0.13,113.188115384615,10.53
29.6,13.0,4.380992,0.25,114.9175,22.27
30.1,13.0,4.202176,0.0,118.456615384615,13.39
30.7,11.0,5.409184,1.4,103.688307692308,14.81
30.1,7.0,5.14096,2.95,86.5421346153846,27.99
29.6,6.0,5.409184,2.95,58.1624038461538,33.53
29.4,5.0,4.872736,1.6,45.6204807692308,33.36
28.6,0.5,4.604512000000001,1.91,86.6553461538462,17.259999999999998
28.6,2.0,5.543296,0.08,113.241807692308,38.27
24.9,3.0,4.783328,0.18,149.600961538462,61.839999999999996
27.5,5.0,5.096256,7.75,154.507673076923,42.91
28.8,8.0,3.844544,0.36,176.590384615385,71.66999999999999
29.9,8.0,6.0350399999999995,0.46,169.2495,24.35
28.6,14.5,4.425696,3.35,240.782769230769,33.39
29.6,14.0,4.738624,0.28,196.747269230769,29.369999999999997
29.6,17.0,4.9621439999999994,1.02,277.794230769231,18.93
29.6,19.0,4.157472,0.1,266.669942307692,12.16
29.6,18.0,5.275072000000001,1.12,195.408,9.76
29.6,19.5,4.4704,0.97,270.081673076923,8.049999999999999
30.4,21.5,4.425696,11.51,257.707230769231,8.129999999999999
30.7,22.5,4.91744,0.97,217.367596153846,8.06
28.6,22.0,3.933952,0.05,121.185,27.47
28.6,24.0,3.486912,0.0,213.408076923077,46.89
29.1,26.0,4.9621439999999994,0.0,260.489076923077,13.080000000000002
30.1,24.5,4.9621439999999994,2.03,242.505,8.66
29.6,21.5,4.91744,3.99,237.885576923077,6.63
30.4,20.5,4.24688,0.2,155.302269230769,9.0
29.6,20.0,4.02336,0.58,169.329538461538,11.59
30.4,19.0,4.380992,1.27,197.674192307692,12.87
30.7,19.0,4.425696,0.13,166.384153846154,8.29
30.7,18.0,4.112768,1.91,142.86375,9.14
30.7,18.0,4.559807999999999,0.0,173.398384615385,7.17
30.7,13.0,4.649216,0.2,138.479461538462,9.62
30.7,12.5,4.9621439999999994,6.6,88.3567115384615,13.98
30.7,10.5,4.380992,1.88,112.361538461538,14.2
30.4,11.0,5.275072000000001,7.29,83.1961730769231,33.809999999999995
30.7,10.0,4.738624,0.76,92.6650769230769,19.39
29.6,6.5,5.498592,1.12,73.9029807692308,51.11
29.6,5.0,4.24688,0.71,64.9759615384615,28.869999999999997
29.6,3.5,4.380992,1.52,53.8819615384615,22.53
30.7,3.0,5.498592,0.0,57.7413461538462,17.12
30.7,3.0,5.051552,0.99,73.1525576923077,18.729999999999997
30.7,3.0,5.096256,0.56,94.71,19.549999999999997
30.7,3.5,4.24688,0.0,78.6966923076923,19.05
29.4,3.5,4.69392,1.63,75.3795384615385,19.03
30.1,1.0,4.604512000000001,4.83,95.5955769230769,14.42
30.4,1.5,4.380992,0.41,86.0310769230769,18.9
28.8,1.0,5.945632,0.69,65.6290384615385,44.47
29.4,2.5,4.202176,1.83,125.343346153846,26.009999999999998
29.6,1.0,5.543296,5.64,124.428576923077,21.45
30.1,4.0,4.872736,2.06,149.258461538462,22.0
28.8,6.0,5.096256,4.37,151.47525,40.59
29.4,6.0,5.543296,5.26,141.806153846154,52.06999999999999
28.0,6.5,5.2303679999999995,0.1,98.2397307692308,67.38
25.2,7.5,4.157472,3.73,185.667692307692,62.18
28.8,7.5,4.202176,5.72,239.221634615385,67.13
27.8,10.0,4.738624,7.06,237.074461538462,39.15
29.6,10.0,3.6657279999999997,0.15,219.167307692308,73.44
26.5,14.4,4.112768,1.45,209.604307692308,93.61
27.5,15.0,4.4704,1.85,236.892326923077,58.7
28.6,15.3,4.649216,6.35,227.224615384615,36.05
28.8,17.0,4.24688,5.11,230.8175,33.17
29.1,16.5,4.291583999999999,2.54,174.032923076923,54.92999999999999
28.6,17.5,4.291583999999999,0.0,181.169653846154,59.64
26.7,21.5,3.218688,1.78,265.9525,38.42
29.4,20.5,4.157472,10.69,268.718942307692,18.42
28.8,21.5,3.442208,8.81,230.298230769231,18.82
28.6,19.5,4.02336,0.84,208.592596153846,22.07
28.6,22.5,3.79984,0.3,180.918076923077,44.06
28.6,22.0,3.978656,9.25,260.967403846154,20.24
29.4,22.5,4.02336,2.13,225.655384615385,12.81
28.8,22.5,3.7104320000000004,0.25,195.666730769231,52.41
28.6,22.0,3.79984,2.29,187.958307692308,74.81
28.3,21.0,4.157472,0.0,263.043442307692,25.689999999999998
28.8,19.5,4.4704,5.49,207.186076923077,20.549999999999997
28.8,22.0,2.7269439999999996,3.78,221.674326923077,13.87
28.8,19.5,3.6657279999999997,2.79,125.886384615385,20.08
29.6,18.0,5.006848,0.43,123.8145,43.33
29.4,17.0,4.202176,3.02,175.383692307692,32.400000000000006
29.6,13.5,4.291583999999999,10.77,160.535923076923,24.77
29.6,14.5,3.889248,0.0,148.722115384615,23.86
26.7,12.0,5.766816,6.17,54.1955192307692,103.66
25.4,13.5,2.324608,3.63,127.283230769231,88.9
27.5,12.0,3.621024,4.17,93.8545192307692,79.78
27.8,9.5,5.856224,0.66,63.6766346153846,90.96000000000001
28.6,4.5,6.3032639999999995,1.47,67.7927307692308,61.92
29.6,0.5,5.498592,2.64,66.0329038461538,31.47
29.6,-0.5,5.2303679999999995,0.53,47.3636730769231,27.26732266742178
29.6,0.75,4.425696,3.61,60.093,29.04306385388647
29.6,3.0,3.844544,1.3,58.74875,73.98725632572159
28.6,3.0,4.604512000000001,2.57,95.1468269230769,71.76652939867724
28.1,2.0,6.392672,0.36,109.169653846154,64.39640440120552
28.6,4.0,4.380992,1.17,167.601980769231,44.426003114823715
29.6,6.0,5.409184,6.71,159.66425,44.92017434922438
28.3,11.5,5.006848,3.43,220.108288461538,46.12198276733881
26.5,11.5,5.096256,3.18,136.076365384615,79.94429380473694
29.6,15.0,5.856224,0.13,249.687384615385,54.51786270504238
28.8,17.5,3.978656,2.21,277.941826923077,23.72856697882324
28.3,20.0,4.112768,3.78,215.575788461538,17.473366032240452
29.6,19.5,4.112768,3.56,173.009057692308,14.25552699176797
28.6,22.0,3.7104320000000004,5.97,110.770365384615,21.74866770494124
29.6,22.5,3.621024,3.12,182.325346153846,68.96610363868045
28.6,22.0,4.649216,0.0,142.235961538462,28.21914504156469
30.1,18.0,4.112768,0.2,167.266076923077,13.637059727756322
30.4,17.0,3.933952,7.39,156.538461538462,11.61415019922736
29.6,19.0,3.531616,2.87,93.4281923076923,42.65821443741021
28.6,13.0,4.649216,5.69,78.9612307692308,67.1680392791408
29.6,8.5,6.48208,0.48,94.5549615384615,52.507008151129654
29.6,8.5,4.559807999999999,6.15,71.604,29.220702453429336
29.6,7.5,5.14096,1.35,50.1198076923077,60.34617908213832
30.7,6.0,5.275072000000001,2.34,55.6399038461538,45.94115369834748
29.1,4.5,3.6657279999999997,3.7846,71.0457692307692,38.552962925507146
29.6,2.5,5.275072000000001,0.1778,74.5720769230769,44.9538164681135
29.6,3.0,4.24688,1.397,91.3653461538461,51.59695799033194
29.6,4.5,4.604512000000001,3.683,94.6173461538461,84.70843874517098
29.9,4.5,5.722112,7.5692,145.217461538462,63.84803705426666
28.0,7.0,4.559807999999999,0.0254,125.185153846154,52.60132885661693
29.6,8.5,4.91744,8.8392,223.990307692308,32.18198357638397
27.5,11.0,4.604512000000001,2.921,243.532692307692,58.296681094638046
28.0,14.5,4.515104,1.6002,190.428461538462,35.48148075483907
27.8,20.5,4.291583999999999,2.5654,272.230230769231,21.308114722598653
28.6,18.0,4.336288,0.3556,197.379692307692,11.346934123500741
28.8,19.5,4.02336,0.0508,204.456488830486,8.385122671466997
29.6,20.0,3.57632,1.2446,196.339184777115,8.056527173803122
30.7,24.5,4.649216,4.9784,288.614369099363,12.133263283509637
29.4,22.0,3.6657279999999997,5.08,182.405193369049,12.130175158269452
29.6,20.0,4.24688,2.794,229.848878803194,15.376029408790277
29.6,20.8,3.531616,2.921,166.522299858486,14.165150179001238
28.8,15.0,3.844544,1.3462,127.859591226119,25.70057705143504
28.6,15.5,3.7104320000000004,3.1242,136.781074648742,27.824697315992807
29.6,12.5,6.8397120000000005,0.5588,77.266200773274,25.28929552395785
29.6,9.0,4.157472,5.1816,58.5309093550996,54.38984729273275
28.6,9.0,3.531616,3.6322,68.1860500101081,58.34886693230318
28.6,7.0,4.515104,0.8382,56.5790501617305,43.01577718897268
27.5,3.0,4.202176,1.4986,63.1539027595269,34.6938929228778
29.6,5.5,4.24688,2.5908,73.8168737491155,37.79080257276349
26.5,-0.2,5.051552,6.0198,74.0097119175174,60.7274848809692
28.6,0.25,4.69392,0.2032,91.8382816132619,34.153565664124905
28.6,3.5,3.621024,0.2032,74.4789634084706,37.974470581096625
27.5,5.0,3.486912,2.6162,93.9853984130193,34.64029995347989
29.6,3.0,4.783328,1.1938,167.7187866168,44.56474606096156
27.5,6.75,5.185664,1.016,218.345884918629,63.080825428288264
27.5,7.25,4.157472,3.683,164.755662084302,48.48567666511602
28.8,11.0,4.02336,0.6604,241.678227989488,45.80246050848487
29.6,13.0,3.933952,0.1016,233.341830385121,25.922009061305403
29.6,14.5,3.7551360000000003,5.969,235.344199080158,16.92876822879796
29.1,18.0,4.425696,0.0,302.944102901041,34.77947068222728
29.4,20.5,4.112768,2.5146,235.262266754271,18.254748083574363
29.6,21.25,4.24688,1.27,261.486764176691,11.975559758095507
29.6,20.75,3.57632,1.4478,228.078626806833,11.889069598106833
29.1,22.0,3.7551360000000003,7.1882,199.577468108764,10.939429218664667
28.8,22.0,3.263392,2.921,187.526068280602,41.5805507574685
28.6,20.5,3.3528,5.1816,167.186151824522,15.49067009162436
28.8,20.5,3.57632,0.0,182.640177549783,13.264084464311003
29.6,15.3,4.559807999999999,0.0762,155.169848781967,14.91198398090653
29.6,14.5,3.531616,0.6604,120.479558627312,14.229245565421408
29.6,8.5,3.79984,2.921,50.5128918679875,21.727386177464048
29.6,9.0,3.173984,5.6642,61.2571977913676,21.024019336178473
29.6,6.0,4.112768,1.8034,57.7582125492773,44.160525474808395
27.3,4.5,4.202176,2.4638,34.9691677195997,119.26499383103089
28.6,4.5,3.486912,1.9304,43.2866130597392,95.96463117655387
28.8,2.5,3.79984,0.1524,51.0225419993935,56.81808701280312
28.6,1.0,5.9009279999999995,0.4318,86.2151343626807,51.0236902570741
27.5,1.25,5.409184,11.2522,93.2160171333266,56.92741004429524
28.6,3.0,4.9621439999999994,2.9718,119.901103861316,43.02977124249105
25.4,4.0,5.096256,3.9116,177.351973112302,74.27203110778507
25.7,4.0,5.14096,4.1402,90.9777382998079,189.10740235836647
26.5,8.0,5.096256,2.286,141.982418275548,98.42122631014743
27.3,11.5,5.36448,0.0,256.382735722228,67.34841346251092
28.6,14.75,4.24688,1.27,259.167269887799,26.48914443478085
29.6,15.5,5.409184,2.3876,272.815827352674,19.2955769503044
29.4,18.5,4.515104,0.0,269.20638431214,14.561984183167816
29.9,20.5,5.409184,0.4064,265.173001971091,9.54588135353249
29.6,20.5,4.559807999999999,1.8542,241.244939502679,7.6858663861976915
30.1,22.5,3.12928,2.4638,230.574187481047,6.636378916284056
30.7,22.0,3.933952,0.381,189.183622258162,8.01859246374467
30.7,23.0,4.02336,0.2794,215.211249115536,6.145106086041949
30.7,22.5,3.978656,0.4572,170.933293743051,6.357080965190838
30.1,20.5,4.202176,2.2098,158.974982538158,9.652952812443118
30.1,17.5,4.872736,2.4892,138.230527089862,7.76948200885904
30.1,18.5,3.621024,5.207,126.431092312746,13.168255900972879
